<!DOCTYPE hibernate-configuration PUBLIC
        "-//Hibernate/Hibernate Configuration DTD 3.0//EN"
        "http://www.hibernate.org/dtd/hibernate-configuration-3.0.dtd">

<hibernate-configuration>
	<session-factory>
	
		<!-- JDBC Databse connection setting -->
		<property name="connection.driver_class">com.mysql.cj.jdbc.Driver</property>

		<!-- Make sure that you are providing a available database name in below 
			path -->
		<property name="connection.url">jdbc:mysql://localhost:3306/W14graded01</property>
		<property name="connection.username">root</property>
		<property name="connection.password">Mani@2000</property>

		<!-- Select our sql dialect -->
		<!-- We are using mysql8 so use MySQL8Dialect -->
		<!-- Dialect id bridge between Java JDBC types and SQL types, which contains the mapping between java language data type and database datatype -->
		<property name="dialect">org.hibernate.dialect.MySQL8Dialect</property>
		<!-- echo the sql to stdout , it will print all the queries to the consol -->
		<property name="show_sql">true</property>
		<!-- Set the current session context -->
		<property name="current_session_context_class">thread</property>
		<!-- TO enable the hibernate to perform the ddl operations, but default 
			hibernate can perform only the dml operations -->
		<property name="hibernate.hbm2ddl.auto">update</property>
		<!-- All your entity class should be mapped here -->
		<mapping class="com.week14.GradedAssignmentdemo.Model.Employee" />


	</session-factory>
</hibernate-configuration>